customer_id,name,city,age,income,orders,rating,signup_date,status,email
1001,Ali,Istanbul,25.0,45000.0,5,4.5,2025-01-05,active,ali@example.com
1002,Ayse,Ankara,31.0,62000.0,8,4.2,2025-01-12,active,ayse@example.com
1003,Mehmet,Izmir,32.0,38000.0,3,3.8,2025-01-20,inactive,mehmet@example.com
1004,Zeynep,Bursa,27.0,55000.0,6,4.7,2025-02-01,active,zeynep@example.com
1005,Ahmet,Istanbul,42.0,56500.0,10,4.1,2025-02-08,active,ahmet@example.com
1006,Elif,Gaziantep,35.0,71000.0,12,4.178947368421053,2025-02-15,inactive,elif@example.com
1007,Can,Istanbul,29.0,48000.0,4,3.5,2025-03-15,active,can@example.com
1008,Deniz,Ankara,24.0,32000.0,2,4.0,2025-03-01,active,
1009,Mert,Izmir,52.0,88000.0,15,4.9,2025-03-08,inactive,mert@example.com
1010,Seda,Bursa,38.0,67000.0,7,4.3,2025-03-15,active,seda@example.com
1011,Emre,Gaziantep,19.0,25000.0,1,3.2,2025-03-20,active,emre@example.com
1012,Selin,Istanbul,45.0,92000.0,14,4.8,2025-03-25,active,selin@example.com
1013,Burak,Ankara,33.0,51000.0,5,3.9,2025-03-15,inactive,burak@example.com
1014,Ece,Izmir,28.0,47000.0,6,4.4,2025-03-15,inactive,ece@example.com
1015,Ozan,Bursa,32.0,59000.0,9,4.1,2025-04-05,inactive,ozan@example.com
1016,Melis,Gaziantep,41.0,73000.0,11,4.6,2025-04-12,active,melis@example.com
1017,Kaan,Istanbul,36.0,56500.0,8,3.7,2025-04-20,active,kaan@example.com
1018,Asli,Ankara,22.0,29000.0,2,4.0,2025-04-28,inactive,asli@example.com
1019,Kerem,Izmir,47.0,81000.0,13,4.5,2025-05-05,active,kerem@example.com
1020,Defne,Bursa,30.0,54000.0,5,4.2,2025-05-12,inactive,defne@example.com
